,Comment_ID,Text,Likes,Comment_Date,Time_Difference,Comment_Length
1,kutbf1s,"Guess whose sister in law has Glasto tickets? I need to find out who she's taking and if I can get that ticket! I feel light headed. They're actually coming to the UK finally!!

Edit - she just texted, she's taking me! I just had to promise to let her film me so I can be teased in the family groupchat. Fine!",149,2024-03-14 10:11:47,114.21666666666667,309
2,kut87ta,Finally a festival I can go to *remembers Glastonbury sells out instantly before line up is announced* üò°üò°üò°üò°üò°ü§î,72,2024-03-14 09:34:09,76.58333333333333,109
3,kutctkr,"Glastonbury is actually insane, I couldn‚Äôt believe it when I saw it. I‚Äôm super excited for them! I hope some Carats get to score tickets in the resale phase ü§ûüèª",35,2024-03-14 10:27:25,129.85,159
4,kut446h,"ok ok but what is the possibility of Glastonbury and Lolla Berlin being bookends for a European tour? Regardless, I‚Äôm excited. Finally an end to the concert drought in Europe!",117,2024-03-14 08:42:36,25.033333333333335,175
5,kut4rq2,"This is insane I‚Äôm so happy for them, but it is kind of annoying we can‚Äôt now buy tickets to support them as Glastonbury tickets sold out in November ü•≤",79,2024-03-14 08:50:58,33.4,151
6,kut2qff,this is INSANE?! i think they're the first k-pop act to ever play at glasto AND on the pyramid stage!!! im so proud of themüò≠,56,2024-03-14 08:24:42,7.133333333333334,124
7,kutylqx,I really think they are performing mainly because it‚Äôs a very prestigious event and also they will be the first K-pop group to do so. Also unlike other festivals no matter who performs the crowd usually is drunk out of their mind and cheer for everyone. I‚Äôm sure Hybe/Pledis are aware of the fact that majority of their fans will not be able to buy tickets. The good news is that this is live telecasted on BBC and they do make a big deal about viewership.,24,2024-03-14 13:30:16,312.7,456
9,kut2g6q,"[announcement](https://x.com/glastonbury/status/1768185263899963891?s=46)

is this a fever dream??? first headlining lolla in berlin and now sebongies at GLASTONBURY?!",37,2024-03-14 08:21:02,3.466666666666667,167
10,kut6snr,"Were we so blind?? The whole Seventeenth Heaven album concept was FESTIVAL themed, and there was even a song called Headliner. Is this what the whole summer will be?? üò© I hope there will be actual concerts too. ‚òπÔ∏è",23,2024-03-14 09:16:39,59.083333333333336,213
11,kut3b2p,Lmao i blink and there is another svt announcement üòÖ I would prefer to go here considering the lineup but can't travel to UK :/ I also just discovered The last dinner party just few days ago and they are there lol. Happy for everyone that can go¬†,21,2024-03-14 08:32:07,14.55,246
12,kut3d5w, Oh my god. Two festivals in Europe?? Glastonbury too which is the biggest one in the continent?? This is insane,19,2024-03-14 08:32:51,15.283333333333333,112
13,kutplu9,I want them to do something with Shania Twain just for the hell of it ü§£ü§£ love her ‚ù§Ô∏è love them ‚ù§Ô∏è,9,2024-03-14 12:25:41,248.11666666666667,97
14,kut4hv4,THE GASP I GOSPED,16,2024-03-14 08:47:30,29.933333333333334,17
15,kut6bw6,"i read the notification and then i read it again and honestly this still hasn‚Äôt sunk in

getting tickets at this stage is probably close to impossible (i think they sold out months ago?) but how exciting for any carats who already happen to be going. how exciting in general! seventeen at glastonbury! 

the chances of a european tour felt so low, but with the announcements of the past couple of days i am feeling really hopeful. too hopeful? maybe. let‚Äôs see what the next few weeks bring",16,2024-03-14 09:10:52,53.3,490
16,kuu6mzt,"I've never been to Glastonbury before but I have relatives who attend every year, and let me tell you: this will certainly be an ***experience*** for SVT :'D

I understand the reasoning behind Hybe and Pledis deciding on this event. It's definitely news worthy. Even BBC is reporting it, claiming SVT as the first kpop group to get the main stage. It's huge PR, and a great move to show their domain internationally. BUT. All tickets sold out in November, and chances of many carats being able to attend is...... low. Like real low. The audience will be very, ehm, *unusual* compared to what they're used to, and I'm glad they have such strong performing and entertaining qualities because otherwise the first impression could go wrong in so many ways. I hope they'll have lot of fun and take it as easy as they did with the Unesco event, because they'll definitely need to ADAPT for this one.",15,2024-03-14 14:20:32,362.96666666666664,893
17,kut7017,"Though I am extremely happy that they would be the first k-pop group to perform at Glatso's main stage, I am kinda worried too coz little to no carats will be there and they will have to perform in front of the locals or worse, a dead crowd. I am trying to look at the brighter side of things though so maybe this will help them get more exposure, meet and network with other artists and increase their fanbase in the UK.",24,2024-03-14 09:19:12,61.63333333333333,421
18,kut5zgs,them being on glasto is so random lmao. also considering how tickets are long gone,13,2024-03-14 09:06:27,48.88333333333333,82
19,kutgzc9,gna take a wild guess: world tour starting from europe in july and eventually ending back in asia,18,2024-03-14 11:10:18,172.73333333333332,97
20,kut3r2d,GLASTONBURY AND PYRAMID STAGE!!! This is HUGEE,12,2024-03-14 08:37:49,20.25,46
22,kut475h,London next pls London next pls London next pls üôè ü§°,15,2024-03-14 08:43:39,26.083333333333332,51
23,kut3xzx,"Can't believe my eyes, for real!!

Glastonbury songs get posted on YouTube, right? Excited",10,2024-03-14 08:40:20,22.766666666666666,90
24,kut5w9i,"FYI tickets already sold out!! https://x.com/glastonbury/status/1768185263899963891?s=46
glasto always sells out a million months in advance before any lineup is announced lol",9,2024-03-14 09:05:21,47.78333333333333,175
25,kut6waw,"I‚Äôm so buzzing for them as this is a huge stage. And such a mega opportunity. 

Selfishly I‚Äôm fuming because they will be the closest they have ever been but tickets sold out last year and resale for Glasto is a nightmare and super strict. Sooooo no SVT for me. 

Praying for a tour announcement like you wouldn‚Äôt believe. I‚Äôll offer up my firstborn",8,2024-03-14 09:17:56,60.36666666666667,349
26,kuu688y,üòÆüòÆ,4,2024-03-14 14:18:07,360.55,2
27,kuv6pm6,"i wish i'd caved in and bought glasto tickets while they were still available because svt, sza, arlo parks and declan mckenna all performing at the same festival is absolutely worth the money. this is such a huge opportunity for them! since the tickets are already sold out there likely won't be that many carats attending their set, making this free real estate for them in terms of growing their audience. fingers crossed this + their slot at lolla berlin means a europe tour is in the works..?",4,2024-03-14 17:42:09,564.5833333333334,496
28,kut51d3,Wait Anne-Marie will be there too?? Does that mean a possible _World LIVE WITH HER!!!,11,2024-03-14 08:54:26,36.86666666666667,85
29,kut4eih,I‚Äôm so excited they‚Äôre getting these big festivals ü•π,6,2024-03-14 08:46:18,28.733333333333334,52
30,kut61ge,Wow first Lollapalooza then Glastonbury?? This is so cool!!üôå,3,2024-03-14 09:07:09,49.583333333333336,60
31,kutvs8g,Damn the lineup for this is insanely good. Too bad I won't be able to make it,3,2024-03-14 13:11:19,293.75,77
32,kuxnaxo,"This is exciting!! With a crowd who are hearing them for the first time!! It will definitely be an experience for svt!!

This feels like those missions they did for project17 hahaha",3,2024-03-15 02:22:49,1085.25,181
33,kut35j4,"seventeen finally coming to EU!! but, the stalkers üò¨",8,2024-03-14 08:30:08,12.566666666666666,52
34,kut66nx,"Festival is sold out tho isn‚Äôt it üò≠ I hate when they announce performers so late because I saw who was headlining and decided not to go, how can they announce 17 now? 

But this is feeding my delulu fantasy prepare for an EU tour guys we‚Äôre getting it",8,2024-03-14 09:09:02,51.46666666666667,251
35,kuwzine,Vernon x Avril Lavigne,2,2024-03-14 23:48:44,931.1666666666666,22
36,kux8lih,"What i would give to see SVT, Dua, and SZA in one night üò≠üò≠ people who are going, y‚Äôall are lucky. *cries in Asia*",2,2024-03-15 00:45:54,988.3333333333334,113
37,kuyze29,GO LOVES!!!!!!!,2,2024-03-15 10:29:03,1571.4833333333333,15
38,kutp88w,"Sigh. I'm very happy for svt because this is an amazing opportunity for them and I'm very excited for the carats who do get to see them, but I also have my doubts about this. I worry that this is a double whammy combo of Glasto trying to stay relevant by booking kpop artists (which may go well or may backfire depending on how the crowd responds) and Hybe refusing to let their artists book actual seated venue tour dates in Europe (because they're salty that they can't do dynamic pricing in a continent with actual consumer protection laws) I'm reserving judgement, maybe these two festival dates are bookends for a European tour, let's hold out hope that they are! But I can't help but have a bad feeling that Glasto, while prestigious, is firmly the territory of mud drenched rahs on ket and that the most enthusiastic audience svt will get will be the carats who couldn't access or afford tickets watching for free on the BBC iplayer stream.",4,2024-03-14 12:22:42,245.13333333333333,947
39,kut3f9m,Omg I'm so happy for European carats!!,3,2024-03-14 08:33:36,16.033333333333335,38
40,kuta7rx,"Not to repeat the exact same sentiment as everyone else but I'm so sad UK Carats have been waiting so long and the first time SVT come to perform here it's at a SOLD OUT festival that all the normies are saying has the worst lineup ever like üò≠üò≠ I just KNOW The European carats would absolutely turn up for this if we got a chance to buy the tickets??? I feel like they're gonna go and the non carat crowd won't appreciate them at all. I know they've been known to hype up a dead crowd but like...the k-pop haters will not be converted I fear

My only wish is for a tour! Yesterday I was entertaining wild thoughts of flying to Germany for lollapalooza in Sept but I couldn't justify the expense and then suddenly there's this announcement but I can't buy a ticket even if I wanted to sit through all the other acts I don't care about üò≠",3,2024-03-14 09:57:57,100.38333333333334,835
41,kut69zv,"This is getting interesting...

![gif](giphy|6pJNYBYSMFod2)",2,2024-03-14 09:10:12,52.63333333333333,59
42,kut6qrw,"So pleased for the members, imagine this will be such a cool experience for them. But for Carats, the tickets for Glastonbury sell out so far in advance so no real opportunity to see them unless you already planned to go ü•≤",3,2024-03-14 09:16:01,58.45,222
43,kuw51i6,"Fffffsss THE ONE TIME THEYRE IN THE UK AND I CANT BUY GODDAMN TICKETS.

SOMEBODY INSERT THAT MEME OF THAT ONE GUY THAT REPEATEDLY KEPT SHOUTING WHY AS FLOUR WAS POURED ALL OVER HIM. üò≠

edit: just saw little simz *and* janelle monae gonna be there and now I'm crying even harder.",1,2024-03-14 20:49:48,752.2333333333333,278
44,kuyjhp7,Do Glasto and Lolla still do livestreams? I remember staying up all night just to watch my faves perform during Europe festivals way back üòÇ,1,2024-03-15 07:13:58,1376.4,139
45,kut4shw,"WTF my jaw dropped üò≤ Never expected this in a million years.

How easy is it to get Glasto tickets?",1,2024-03-14 08:51:16,33.7,99
46,kuunegi,Guess I'm cancelling the lollapalooza Berlin tix and going to Glasto instead lol.,1,2024-03-14 15:56:24,458.8333333333333,81
47,kutiad5,Congrats for being able to see them in personü§©!! Your sister is so sweet and funny tooüòÇ,18,2024-03-14 11:22:44,185.16666666666666,87
49,kv44qzv,"Just an FYI, you can‚Äôt just ‚Äútake‚Äù a ticket to Glastonbury! You have to be registered with your photo before they go on sale, the tickets all have individual photos and details for a specific person printed on them. Hope you manage to get there though :)",3,2024-03-16 08:27:49,2890.25,254
50,kutqyja,really hope we can get resale tickets!,9,2024-03-14 12:36:08,258.56666666666666,38
51,kut6bgg,We can only hope ü§û This is definitely positive news so I'm hopeful...,28,2024-03-14 09:10:43,53.15,69
52,kut9h68,wowww now that would be amazing!!,8,2024-03-14 09:49:12,91.63333333333334,33
53,kutst34,Please do not give me hope üôè ü•∫,8,2024-03-14 12:49:51,272.28333333333336,30
54,kuv6xgs,Ok but also I need them to go to Chicago for Lolla at the beginning of August ü§°,7,2024-03-14 17:43:21,565.7833333333333,79
55,kutbgod,I def think there's a chance of that! Or at least it's a way for them to test the waters to see the popularity there,22,2024-03-14 10:12:17,114.71666666666667,116
56,kut6l8v,I‚Äôm so mad. Even for the resale it will be a scrap and I can‚Äôt afford a whole weekend ticket. I mean it‚Äôs nice they are there not to be ticket sellers and clout. But I hope they get a lot of people singing along,26,2024-03-14 09:14:05,56.516666666666666,211
57,kut5ky3,No wayyyy üò≠ that's so so frustrating for us UK carats üò´,12,2024-03-14 09:01:22,43.8,55
58,kzncjg2,There's a resale this week but you need to register here https://glastonbury.seetickets.com/registration,1,2024-04-15 08:32:21,46094.78333333333,104
60,kxkbyvm,I love you for this!,1,2024-04-01 17:35:16,26477.7,20
61,kuu3h21,How do I un-manifest this thought‚Ä¶.‚ÄôüòÖ,4,2024-03-14 14:01:13,343.65,37
62,kv27u7f,OP what have you done https://x.com/cheol17_/status/1768657210845151414?s=46&t=6Wu8gxto6lfN8lQR1SzFCw,1,2024-03-15 22:40:52,2303.3,101
63,kut6nvh,Tickets sold out for glasto last year. They always sell them before announcing the line up :(,23,2024-03-14 09:15:00,57.43333333333333,93
64,kuuuvmp,">Glastonbury too which is the biggest one in the continent??

Don't let Tomorrowland and Sziget hear that lol they like to fight about that",5,2024-03-14 16:37:55,500.35,139
65,kut4uvu,THE SCREAM I SCRUMPT,14,2024-03-14 08:52:07,34.55,20
66,kutb0af,"There is a resale in a couple of months but if you think regular sale for Glasto is bad, the resale is next level of bloodbath. Usually they sell out in less than two minutes.

Hoping that they announce a full UK tour!",14,2024-03-14 10:07:07,109.55,218
67,kutrzfe,"for real, yesterday i also was like hmm still not sure if they‚Äôre coming for a tour, but the second festival in two days that‚Äôs sick üò≠ so we might have a chance for a tour",4,2024-03-14 12:43:48,266.23333333333335,171
68,kzncqm5,There's a resale this week but you need to register here https://glastonbury.seetickets.com/registration,2,2024-04-15 08:34:49,46097.25,104
69,kuu6nsz,"That said: I'm also laughing inside thinking this will be the **VERY FIRST TIME** for Seungcheol, visiting and performing in Europe. With Glastonbury being wild as it is, man is risking a decent cultural shock ahahah ‚ù§Ô∏è",7,2024-03-14 14:20:41,363.1166666666667,219
70,kuy045r,"read on Twitter that it's a tough crowd... I hope SVT doesn't get discouraged if they don't end up making noise (and I hope carats there can make all the noise for them)
&nbsp;

edit: also read that the crowds are used to variety so maybe I shouldn't be too pessimistic about it",3,2024-03-15 03:56:35,1179.0166666666667,278
71,kut9syu,Exactly that's why i'm worried too üôà I really hope it turns out well,13,2024-03-14 09:53:00,95.43333333333334,68
73,kuti4wq,Hope what you said becomes true!!,8,2024-03-14 11:21:19,183.75,33
74,kutije9,üôèBoo Seungkwan Boo Seungkwan Boo Seungkwan üôè,7,2024-03-14 11:25:09,187.58333333333334,44
75,kut9he6,"Yay. Thank you for your support! I hope you will like their set! I would probably check out their title tracks from the last few years? I think it's likely that this is what they're going to do.
Super, Hot, Rock with you, God of Music. Also their two English songs! Darling and SOS. I'm sure those will show up among their setlist.",11,2024-03-14 09:49:16,91.7,331
76,kutaulr,BBC usually fills the full pyramid set and then posts it on BBC iPlayer - usually UK fans will get... creative and find a way to download the sets to share with everyone.,17,2024-03-14 10:05:24,107.83333333333333,170
77,kuuxd3t,stalkers? /genq,2,2024-03-14 16:51:25,513.85,15
78,kutf848,I am fully on board this delulu fantasy train with you CHOO CHOOOOO,5,2024-03-14 10:52:40,155.1,67
79,kuuv903,"i don't think glasto really has to fight to stay relevant, they're one of the few festivals with no waning interest. booking something experimental that they thing might go worng would be an absolute idiotic idea. i think if they booked a kpop act it's because they think it'll be a good new addition",4,2024-03-14 16:39:57,502.3833333333333,300
80,kutysvu,Ha ha they say that every year about the line up and still fight for tickets during spring resale. I won‚Äôt take that seriously.,8,2024-03-14 13:31:36,314.03333333333336,127
81,kutanw3,Also I just looked it up and there's a resale of cancelled tickets in April but the og price was ¬£360 ($461) EACH. I'm sorry but I would pay that for a svt concert but not a festival.,2,2024-03-14 10:03:17,105.71666666666667,183
82,kut5p0v,Currently tickets are sold out. They went on sale back in November,15,2024-03-14 09:02:50,45.266666666666666,66
83,kut5zdw,tickets already sold out a while back :/,6,2024-03-14 09:06:25,48.85,40
84,kuuv2z6,unless you bought glastonbury tickets last year you might be out of luck lol. they always sell out before annoucing the line up and resale is a bloodbath,7,2024-03-14 16:39:02,501.46666666666664,153
85,kuthk84,"No she's not local, but she always goes. I need to ask her about this. I thought her plus one was her sister (who doesn't look like me) but it must be her friend. We've got around things like this before!",16,2024-03-14 11:15:53,178.31666666666666,204
86,kutxybb,You should have registered for this and also aren‚Äôt they like ¬£400??,12,2024-03-14 13:25:57,308.3833333333333,68
87,kutbl13,"I‚Äôm hopeful too‚Ä¶ they must know there‚Äôs an interest, I just wonder if the logistics make it worth it to do a full blown tour",12,2024-03-14 10:13:40,116.1,124
88,kuv770y,üòÇüòÇ as long as Europe gets some dates as well I‚Äôm happy,8,2024-03-14 17:44:52,567.3,54
89,kutbuw4,"Hopefully this proves to them there‚Äôs an interest from us EU Carats üôè (although I feel like they must know‚Ä¶ especially after the response to the UNESCO visit. But anyway, I will manifest hard!)",20,2024-03-14 10:16:44,119.16666666666667,193
90,kut8mjs,Yeah I just hope there were kpop fans who already got tickets. But the crowd there won‚Äôt show the demand for seventeen here as majority of uk carats will have to watch at home so I hope they don‚Äôt base future concert opportunities on how the Glastonbury crowd reacts to them,33,2024-03-14 09:39:03,81.48333333333333,274
91,kut5xzs,"They‚Äôre so close but we can‚Äôt shout from the crowd to support them üò≠ it should be on tv so at least we‚Äôll get to watch it at home, but it‚Äôs not the same",19,2024-03-14 09:05:56,48.36666666666667,152
92,kznclju,There's a resale this week but you need to register here https://glastonbury.seetickets.com/registration,2,2024-04-15 08:33:04,46095.5,104
93,kut8dhl,Yeah Glastonbury tickets go on sale in winter and sell out within minutes so by the time the line up comes out you can‚Äôt then just choose to go because your faves are there. It‚Äôs really upsetting after the London show got cancelled for Covid I just want to see them live üò≠,5,2024-03-14 09:36:02,78.46666666666667,272
94,kzncphy,"Sziget is not in the same league anymore, mad cool, rock werchter etc are all bigger these days.",1,2024-04-15 08:34:27,46096.88333333333,96
95,kutw82j,"helpful to know, thank you! 

perhaps the power of our collective wishes will actually make that tour come true haha",5,2024-03-14 13:14:20,296.76666666666665,116
96,kutvxk4,fingers crossed!,3,2024-03-14 13:12:20,294.76666666666665,16
97,kzne284,you‚Äôre so kind for sharing this!,1,2024-04-15 08:51:36,46114.03333333333,32
98,kuzq1rb,"Eh, it really is... I heard *some* stories lol it's very very different from Coachella or other festivals. Way more wild and definitely not a crowd that cares a lot about kpop. BUT, svt are entertainers. A good list of songs specifically chosen for the Glasto, and some emphasis in entertaining the audience, and I believe they'll do miracles <3 

Whatever will happen, I believe it'll be an experience for them different from anything they've ever done... and my hope too is that someone will warn them before going, so that they'll come prepared and ready because the worst thing that could happen is for them or Pledis to completely not understand what Glastonbury is, and risking making a fool out of them. But let's be optimistic tho <3 #fighting",2,2024-03-15 13:59:17,1781.7166666666667,751
99,kutiaak,im an asian carat exchanging in london until june brb gonna go kms lol... but it's ok knowing pledis they'll wanna get asian carats' money once more before they go into the army like late this yr or early next yr for sure,7,2024-03-14 11:22:43,185.15,221
100,kutrnt4,"i have a feeling that they also will do headliner, very nice, maybe unit songs?",3,2024-03-14 12:41:23,263.81666666666666,79
101,kutfgoa,"Plus you guys can get a VPN, no account or tv licence needed.",9,2024-03-14 10:55:06,157.53333333333333,61
102,kux5smr,"yeah ""fans"" ""accidentally"" meet the members abroad.... you should see some posts on X abt people waiting outside their hotels and other places",3,2024-03-15 00:28:08,970.5666666666667,142
103,kutdb0k,"Fr Seventeen won't even get half of that. Hopefully you guys get a tour announcement. I , as an Indian carat have no hopes üò≠",2,2024-03-14 10:32:40,135.1,124
104,kut5wy1,I just saw someone else comment this üò≠üò≠ so close and STILL out of reach üò´,5,2024-03-14 09:05:34,48.0,73
105,kut6717,üò≠üò≠üò≠,2,2024-03-14 09:09:10,51.6,3
106,kuuz7cd,"I discovered that literally 1 minutes after posting lol so will hold onto Berlin tix just now but thank you.
 FYI they have a registration for when cancelled/returned tickets go on sale in April. Worth a shot.
 https://www.glastonburyfestivals.co.uk/information/tickets/",2,2024-03-14 17:01:15,523.6833333333333,270
109,kuu3jmi,yeah you still can be registered and they‚Äôre quite expensive yeah (500 euros for me) but honestly it‚Äôs worth it üíÄ,5,2024-03-14 14:01:40,344.1,113
110,kuv7wkx,You had to know I would be summoned to this thread!,3,2024-03-14 17:48:43,571.15,51
111,kuteepi,That's true!! I will pray for all EU Carats üíï,11,2024-03-14 10:44:19,146.75,45
113,kuu7db4,"The good thing is, I genuinely don't think neither Hybe nor Pledis have decided on Glastonbury expecting a huge crowd of carats. I'm almost positive of the opposite actually

They want a big name event, scrap another news worthy record for SVT, and affirm the group internationally, possibly gaining new fans and audience by generating curiosity and putting on a show to a completely different kind of ppl. Lolla will definitely do the deal in showing the amount of kpop stans and showering svt will love, but Glastonbury has been chosen from other reasons imo",14,2024-03-14 14:24:50,367.26666666666665,560
114,kutaoy1,"Honestly if there's a lot of people watching on BBC that will be noted - the news coverage often talks about how many people were watching in the fields and how many people watched that slot on TV/BBC iPlayer.

Also I'm in a couple of Glastonbury related discords and people seem quite curious about Seventeen so I think they will get a good reaction even if people weren't previously aware of who they are.",10,2024-03-14 10:03:39,106.08333333333333,407
115,kut8pmo,Exactly that. I hope there‚Äôs lots of carats already going for sure or any kpop fans,5,2024-03-14 09:40:03,82.48333333333333,83
116,kut641j,"Definitely will watch on TV, but like you say it's not the same. Even just for once in my life I'd like to see them in the flesh üò≠ so close, yet so far üòî",9,2024-03-14 09:08:05,50.516666666666666,153
117,l0bu84w,Thanks for sharing! üíï,1,2024-04-19 18:38:27,52460.88333333333,21
118,kuzshoj,"I hope they know that IF they don't end up making the crowd make as much noise as they want, then it's not entirely their fault. So yes, I do hope someone warns them! I'm sure some would walk out as new carats tho and if anything happens then carats just have to back them up as usual",2,2024-03-15 14:14:20,1796.7666666666667,284
119,kutiuxj,">knowing pledis they'll wanna get asian carats' money once more

\*Still crying in Indian carat\*",5,2024-03-14 11:28:08,190.56666666666666,97
120,kuyki17,ew that's gross. thank you for bringing attention to it! /gen,1,2024-03-15 07:26:26,1388.8666666666666,61
121,kutj1h4,Same.. I am hoping that they could come to lollapalooza India this year #ü§°,3,2024-03-14 11:29:50,192.26666666666668,74
122,kuth0g9,"It's like, why would you do this from a moneymaking perspective anyway; the crowd cannot possibly be carats because we didn't know they were coming, and revenue will be split amongst all the other artists, right? A tour would definitely be more profitable?? üò≠ 

üïØüïØüïØwishing that every carat gets a chance to see them live at least once, esp India and all the other places they haven't been toüïØüïØüïØ

I will watch them on TV and be content with that ü•π",-3,2024-03-14 11:10:36,173.03333333333333,446
123,kuuitrb,"I am willing to dye my hair, change my makeup. I just need the exact reference pic and I'll work it out. But I think I'm going to try for a returned ticket too because I'd rather not start the weekend under high stress!",7,2024-03-14 15:30:58,433.4,219
124,kuu3wfj,It will probably be the same set list as Lola Berlin and it‚Äôs cheaper too. I got the tickets to go to Berlin. There is absolutely no way I will get tickets for Glastonbury and it‚Äôs a long way back home after the event. Looks like I will be watching it live on tv.,7,2024-03-14 14:03:51,346.28333333333336,263
125,kuta97g,OMG,10,2024-03-14 09:58:26,100.86666666666666,3
126,kutmlhi,aww I hope you enjoy yourself! do you need a list of TTs they released since Left & Right?,6,2024-03-14 12:01:04,223.5,90
127,kuu7kb4,Yeah that came from people speculating hybe were trying to gauge the Europe demand by doing festivals before doing a full tour so people were saying if that‚Äôs the case it won‚Äôt show the true demand because we can‚Äôt get tickets,4,2024-03-14 14:25:59,368.4166666666667,226
128,kxkb4kf,I hope so too. But it would be interesting to see how SVT will lead non K-pop stans into the rabbit hole. They have a shot at actually marketing themselves to a vastly non K-pop stanning audience¬†,2,2024-04-01 17:30:29,26472.916666666668,196
129,kutj1jx,suppose as a hong kong carat i should be grateful... everywhere in asia is easy to go,6,2024-03-14 11:29:51,192.28333333333333,85
130,kutj7m4,God yes please I would sell my kidney to go see them . Let's hope it happensüò≠,5,2024-03-14 11:31:26,193.86666666666667,77
131,kutjcso,"Not everything is about ‚Äúmoneymaking‚Äù üò≠ Especially for a group like SVT that doesn‚Äôt even need the money. 

Glastonbury is arguably the most famous festival in the world? And IS the largest greenfield music and performing arts festival in the world. Everyone (including small acts on small stages) performs to a general festival crowd there, but it‚Äôs a 210,000 capacity event so obviously there will also be some carats in attendance. 

I feel sorry for British fans who won‚Äôt be able to attend but there‚Äôs really no need for such cynicism lol.",14,2024-03-14 11:32:46,195.2,544
133,kutacun,"You are the dream. Rumours are there will be a comeback in April but in the meantime get on FML, Seventeenth Heaven, Face the Sun and all the ones you‚Äôve missed! (Your Choice, Attacca?)",9,2024-03-14 09:59:39,102.08333333333333,185
134,kuua1iq,"Yeah, I've read the theories but while I also think there could be some truth it this reasoning, I also think we really can't apply it to Glastonbury, whose ticket got sold out months and months ago when they were probably still trying to sign the contract. Choosing Glastonbury probably come with zero expectation of seeing an ocean of carat bongs, but a whole lotta other reasonings more business related

Instead, I definitely feel like Lollapalooza fits this speculation way more, and that will be the one showing the demand for sure. I hope to see a massive crown of carats there in support ‚ù§Ô∏è",7,2024-03-14 14:40:35,383.01666666666665,598
135,kutrbes,![gif](giphy|xTiTnH8ppc3vZ6gTDO|downsized),2,2024-03-14 12:38:50,261.26666666666665,42
136,kutr3sw,I would do anything to see them in person..üò≠üôèüèª,3,2024-03-14 12:37:15,259.68333333333334,46
137,kutkb06,"Oh I know I'm just sad haha
I promise I don't mean to sound cynical, I'm just venting, y'know?
 Maybe ""moneymaking"" is the wrong word but I simply think it would make more sense to perform at a venue full of carats than to 200k people who probably don't even like k-pop because it's not that sort of event. That said it is a great opportunity for them and I am very proud that they've booked it, I'd just be a little happier if I actually had the chance to go. üòå",1,2024-03-14 11:41:21,203.78333333333333,462
138,kzncgfe,Good luck this week.,1,2024-04-15 08:31:18,46093.73333333333,20
139,kutksjw,Watch them announce a tour and make me look like a clown for being sad ü§°,4,2024-03-14 11:45:39,208.08333333333334,72
140,kutlhi7,I hope they announce tour dates you‚Äôll be able to attend!,4,2024-03-14 11:51:40,214.1,57
141,kutm8z0,"ü§ûü§ûplease god ü§ûü§û
The same to you! Hopefully we all get a chance at least once üòä",4,2024-03-14 11:58:08,220.56666666666666,78
142,kuz3tnl,First obvious question. What happened to the other 4?,49,2024-03-15 11:14:13,2.933333333333333,53
143,kuzocjp,"Just wanna say thank you for posting this and sharing some excitement that one of your favorite acts is performing. This sub is filled with so many negative and grumpy old people, need more people like you in here sharing some optimism! I hope you enjoy SEVENTEEN‚Äôs set!",44,2024-03-15 13:51:25,160.13333333333333,270
144,kuze2cb,This is a very wholesome post :),37,2024-03-15 12:40:31,89.23333333333333,32
145,kuzf6zd,"She isn't joining us at the festival, but my girlfriend just about fell over dead upon seeing their name on the lineup.

Are you going yourself? What's your expectation for the turnout? 

It seems like an unusual environment considering the demographics of their normal fans.",11,2024-03-15 12:49:02,97.75,275
146,kuzl0p1,I'm assuming you're not going to the festival but as they are on Pyramid you should be able to watch them on BBC live :),10,2024-03-15 13:29:49,138.53333333333333,120
147,kuzaqoe,"Fucking hell, everything about this makes me feel very, very old.",40,2024-03-15 12:14:47,63.5,65
148,kuzjjv1,Fantastic post. Great work. Thank you for all the info!,10,2024-03-15 13:19:59,128.7,55
149,kuzuvbl,"I love your enthusiasm! Ignore the miserable twats on here, seventeen will be mega. I know plenty people who'd never heard of them, have been listening to their music since the poster drop and are definitely going to go and see them, me included! 

Balming Tiger are also playing glasto this year",19,2024-03-15 14:28:45,197.46666666666667,296
150,kuza0db,This post is hysterical omg,36,2024-03-15 12:08:54,57.61666666666667,27
151,kuzsjaa,"Yo this thread filled with so many boomers lmao. Kpop is mainstream asf now, there will be plenty of people there.",15,2024-03-15 14:14:37,183.33333333333334,114
152,kuzd7jc,I'm not a huge K pop fan I but do really like BTS and thanks to one of my friends saw Stray Kids at Lollapalooza last year and they put on a SHOW! So I'm really looking forward to listening to their stuff and seeing their performance!,3,2024-03-15 12:34:04,82.78333333333333,234
153,kuzs7y5,I've been waiting for the day a K-pop act debuts at Glasto! I was hoping that New Jeans would perhaps make the cut for it this year but I will definitely check these guys out. It will be a historic moment for sure.,4,2024-03-15 14:12:40,181.38333333333333,214
154,lb0nlee,"Went to see SEVENTEEN based purely off this post.

They were great! Dragged a few friends along with me and they all loved it. Great post, great choice thank you OP",7,2024-06-30 20:04:15,154612.96666666667,164
155,kuzc4g1,"Have you got a link to a good video of a their performance worth watching?

So far, about the most interesting act for me now you've mentioned it (of course there will be plenty of acts I do like anyway).",4,2024-03-15 12:25:38,74.35,204
156,kuzyxp6,"I've no interest in ""pop"" music in general, be it Korean or from anywhere else. But there's always a crowd at the Pyramid stage, I think they'll do really well.",4,2024-03-15 14:52:47,221.5,160
157,kv062fb,"I've dipped into K Pop a little bit and it sounds really cool (almost nostalgic like a 90s pop song I know, only I don't lol). What is their banger that everyone can sing along to in the field?",4,2024-03-15 15:34:10,262.8833333333333,193
158,kv0awjb,"I'm personally really excited to see a K-pop band perform at Glastonbury, I always find it the best place to discover new music and I also love a good choreographed performance so it's definitely on my watch list!",4,2024-03-15 16:01:31,290.23333333333335,213
159,kv27yar,Ok this is on my list because where else if not Glastonbury. I'm not into kpop at all but have I watched a couple of their videos and think this could be hella fun? Yup. If they're not clashing with anything else I want to see you bet I'll be there,3,2024-03-15 22:41:36,690.3166666666667,248
160,kv18iv0,Do I get a coloured light to signal which member I like best?,3,2024-03-15 19:10:35,479.3,61
161,lap85gh,coming here to say they absolutely bossed the stage. hope they are invited back to headline next year!,3,2024-06-28 17:23:36,151572.31666666668,102
162,kuz4qni,"Why is it overwhelming? Are their fans called ""Carats""? I've never heard of Seventeen.",7,2024-03-15 11:22:36,11.316666666666666,86
163,kv09toz,'Quite overwhelming'...que?,2,2024-03-15 15:55:25,284.1333333333333,27
164,kv1b0hu,"Can‚Äôt wait to see them, having seen Blackpink, Twice, Red Velvet, [G]-Idle, and Aespa last year. And currently set to see Itzy and Ive later this year. Like what I‚Äôve heard already.",2,2024-03-15 19:24:43,493.43333333333334,181
165,kv2xfg7,I have really enjoyed what I've listened to so far. What would you expect setlist wise for this performance. They seem to put out so much music that even their la festival set will be very outdated by the fest,2,2024-03-16 01:30:18,859.0166666666667,209
166,kv3hplo,"Are you going to Glastonbury, or just taken it upon yourself to evangelise from afar?",2,2024-03-16 04:05:57,1014.6666666666666,85
167,kv5tdym,"If you could only recommend one track for someone to listen to, one gateway song to introduce them to the group in the hope it would inspire them to listen to more, what would it be?",2,2024-03-16 17:03:39,1792.3666666666666,182
168,kvfdgdn,"Weirdly, I have never been into kpop - quite the opposite of my music taste. 

A few months ago - songs by RIIZE and Jungkook have made their way into my playlist and I'll likely check out more of the genre. 

Haven't heard anything from SEVENTEEN but I'll probably go see them. Weird only having one act from a genre, hoping they add one of the above on to support the former.",2,2024-03-18 13:57:12,4485.916666666667,377
169,kvfyebr,"I think it'll be cool to see them. I know very little about KPop (though I listen to a decent amount of JPop).

Should I expect them to be lip-syncing their vocal parts? From the looks of their videos, I'm expecting a lot of synchronised dancing which looks fun.",2,2024-03-18 16:04:25,4613.133333333333,262
170,lbg90k9,"y'all should consider listening to SEVENTEEN on Spotify! they have GREAT, i mean, GREAT discography. it's even a bonus that they are variety show kings/comedians. you wouldn't also want to miss watching Going Seventeen on their official YouTube channel.

a potential CARAT would have a lot in plate.

[https://open.spotify.com/artist/7nqOGRxlXj7N2JYbgNEjYH](https://open.spotify.com/artist/7nqOGRxlXj7N2JYbgNEjYH)",2,2024-07-03 15:57:38,158686.35,413
171,kuzkdet,"Fucking hell, man. Im old.",5,2024-03-15 13:25:30,134.21666666666667,26
172,kuz4pnm,No question but truly enjoyed them going viral earlier this year with that wiggle wiggle dance (or maybe tiktok just figured out my algorithm and fed me mingyu.. I'm not complaining),3,2024-03-15 11:22:21,11.066666666666666,182
173,kuzn9b1,"Fair play to Emily trying some thing different but I just can‚Äôt see this as a long term direction.

![gif](giphy|PoHw35gJS9WmgJj1q4)",4,2024-03-15 13:44:29,153.2,132
174,kv0qzgv,Are the fans as likely as BTS fans to go nuts at us if we don‚Äôt say 100% enthusiastic stuff about them?,2,2024-03-15 17:31:30,380.21666666666664,103
175,kuz7s8c,Ugh the way you write about them gives me like a full body cringe. Why are seemingly all k pop fans like this?,-4,2024-03-15 11:49:53,38.6,110
176,kuzm1a0,Each to their own etc but fuck this,2,2024-03-15 13:36:33,145.26666666666668,35
177,kuzkeci,Anxiety? What on earth is going on here?,0,2024-03-15 13:25:40,134.38333333333333,40
179,kuzx875,Are any of the band members 17 years old?,1,2024-03-15 14:42:51,211.56666666666666,41
180,kuzg5op,Candidate for smallest pyramid crowd ever,-3,2024-03-15 12:56:00,104.71666666666667,41
181,kuzy0wt,Are they industry planted music?,0,2024-03-15 14:47:30,216.21666666666667,32
182,kuzmcd7,How did we get to this?,-6,2024-03-15 13:38:34,147.28333333333333,23
183,kv0z72u,Do Seventeen's company employ people to spread propaganda on online forums in order to further build their fanbase?,-4,2024-03-15 18:17:20,426.05,115
184,kuz4c2a,"hahaha, a very good question. so SEVENTEEN has always been 13. The company wanted to have 17 members at first but before their debut, the company went bankrupt, plus they couldn't find 17 equally talented members, so they debuted with 13 members:

Seungcheol, Jeonghan, Joshua, Jun, Hoshi, Wonwoo, Woozi, Minghao, Mingyu, Dokyeom, Seungkwan, Vernon, and Dino.",20,2024-03-15 11:18:58,7.683333333333334,359
185,lbeiuwh,"So before they debut, there's another member called doyoon, mingming, dongjin, and samuel. So basically samuel out because his mom dont want to him to debute with his young age (11 at that time). The other 3, doyoon leave seventeen to debut became actor and talk bad about seventeen and his name never heard again, mingming leave because his personal reason, dongjin leave because want to continue his schooling. That's all i know, cmiiw",1,2024-07-03 06:48:12,158136.91666666666,437
186,kuzqgj9,"I can understand their reaction, considering SEVENTEEN will be the first K-pop act so the change must be jarring, so I was expecting this. but there are so many positive comments, I hope everyone gives them a fair chance and have a good time!!",10,2024-03-15 14:01:44,170.45,243
187,kuziimg,"trust me, we all fell over dead after seeing their name on the lineup, no one was expecting it. Unfortunately, I'm not going, so I'll be watching the live stream from home. There are a lot of fans who want to get the ticket but as we all know the tickets for Glastonbury sell out before the lineup is announced, so now fans are registering for the resale.

Yes, the audience will be all new, so I'm excited to see how they'll react to SEVENTEEN. tbh, they got something for everyone, from pop rock, to RnB, ballads, rap, so I hope the setlist is diverse enough for the audience. One song I'm sure they'll add is [Super](https://youtu.be/-GQg25oP0S4?si=LClvPFpRK5cH9Cfv) tho, it'll wake up the entire nation. xD",7,2024-03-15 13:12:50,121.55,710
188,kuzb20s,"haha don't mind it, time is just an illusion anyway.",14,2024-03-15 12:17:17,66.0,52
189,kuzyi35,"Reading your comment makes me so happy, even if SEVENTEEN don't make new fans (which I honestly doubt), I just hope people give them a fair chance and don't dismiss them only because they are a K-pop group.

Also, I've never heard of Blaming Tiger, I'll check them out for sure.",5,2024-03-15 14:50:17,219.0,278
190,kv0wn5i,I love balming tiger and think the are massively underrated but didn't see them on the lineup. How do you know they are playing?¬†,2,2024-03-15 18:02:56,411.65,129
191,kuzawqt,"I'm glad it made you laugh, I guess xD have a good day.",11,2024-03-15 12:16:07,64.83333333333333,55
192,kv0m8mw,Yeah its a cultural powerhouse tbh. Kpop is huge (and I say this as someone who doesn't follow kpop).,3,2024-03-15 17:04:55,353.6333333333333,101
193,kvk1bxg,"The Glastonbury crowd though? I‚Äôm not sure.

Kpop is popular, but only within its niche. Seventeen are yet to have a single or album make the UK charts, and it only takes 2000 album sales to make the Top 100 nowadays.",2,2024-03-19 09:45:36,5674.316666666667,217
194,kuzhoeo,I hope you enjoy!!!,3,2024-03-15 13:06:53,115.6,19
195,kuztl46,"NEW JEANS!!! they are taking over the world tbh.

yes, it's such a big deal for a kpop act to perform at Glasto, the fans weren't even expecting it tbh. but I hope you have a great time, I'll be watching the live stream and having the worst fomo.",3,2024-03-15 14:21:00,189.71666666666667,246
196,lb8smu3,"OMG!!!! I'm glad you enjoyed it. I watched the BBC iPlayer stream and it was so fun, I wish I could've been there.",2,2024-07-02 06:29:46,156678.48333333334,114
197,kuzf5ix,"Seventeen really have diverse of genre. This what makes me love their works their music. You also can watch their live stage on Asia Artist Award 2022 & Golden disk award 2023. Here is the link üòÅ¬†

1. [https://youtu.be/2GTyTEvCoQI?si=08QtbmPMrUDyVkNA](https://youtu.be/2GTyTEvCoQI?si=08QtbmPMrUDyVkNA)
2. [https://youtu.be/pO5HRhm91sQ?si=TGOD0SUSyplsqsJn](https://youtu.be/pO5HRhm91sQ?si=TGOD0SUSyplsqsJn)",6,2024-03-15 12:48:44,97.45,405
198,kuzhbwp,"[Seventeen killing voice](https://youtu.be/8ca0xEJH9wY?si=z7nZk2vfH3bO24lC) this is a 20 minutes unedited live singing session, where the group sings parts of their songs. this video is a bit old so it doesn't include their newer songs.

[super mv ](https://youtu.be/-GQg25oP0S4?si=LClvPFpRK5cH9Cfv) this is one of their best music videos, you can see them performing the same song at [mama awards show](https://youtu.be/hF5_wvB4dl0?si=XakKmsltf7_Ty_5g) but the camera work doesn't do them justice.

[home run comeback stage](https://youtu.be/VhxcnPfQNWg?si=UohmU7EzcnEaEJrO) and [fear comeback stage ](https://youtu.be/wCEGTnLjHao?si=X-y8m1oZIGxQ9wbk) can show you their range.",3,2024-03-15 13:04:25,113.13333333333334,678
199,kuzda0g,You can watch their Mama stage 2023 on youtube. They performed God of Music and Super.,3,2024-03-15 12:34:36,83.31666666666666,86
200,kv0l83h,"We're expecting [SUPER](https://youtu.be/-GQg25oP0S4?si=qiM3LbgxZ_NSMXbw) and  [SOS](https://youtu.be/DNlOdUvZqLc?si=nbtj5MAsoNrtQKZR) to be on the setlist. [HOME;RUN](https://youtu.be/UB4FzllQCyc?si=-V2CCeXlDJDtK4V0) and [Light A Flame](https://youtu.be/syBYyigSDZ4?si=-qfS5nUIE9M8syEX) will definitely won't be performed, but I think you will like them

They are going to release a new album in April/May so the setlist will include a few songs from that album as well.

If you still want to check out more SEVENTEEN, then I'd recommend watching [SEVENTEEN killing vocals](https://youtu.be/8ca0xEJH9wY?si=8OZvI2V7hNRgKTxr). It's a 20 minute unedited, live singing session where they sing parts of their songs, kind of a live medley. 

I hope you enjoy the festival!!! stay safe.",2,2024-03-15 16:59:09,347.8666666666667,780
201,kv0m4hu,"I feel like you'll love them!!! because they are famous for their solid vocals and synchronized performances. You should check out[SUPER](https://youtu.be/-GQg25oP0S4?si=Sfh1n4jqWuRMZVoX), it's definitely going to be on the setlist.",1,2024-03-15 17:04:15,352.96666666666664,232
202,kv3fqi4,"This is why we love seventeen. Their diverse genre of music. They also called as Kpop Performance Powerhouse. Here is few of their live stages performance. Very satisfying.

Here is the link üòÅ

https://youtu.be/2GTyTEvCoQI?si=08QtbmPMrUDyVkNA

https://youtu.be/pO5HRhm91sQ?si=TGOD0SUSyplsqsJn

https://youtu.be/cchBHEzoOgM?si=2Roz5n2fJGi4gkco


https://youtu.be/2LZIOPytV6s?si=YnR-3Lxj36kg64Az",1,2024-03-16 03:49:01,997.7333333333333,393
203,kv2z7rm,"Thing you might be referring is probably lightsticks. It is for concert purposes but since its a not concert and not many fans wont be there u will probably not see it.  Fans buy it themselves.

https://preview.redd.it/v7akesldploc1.jpeg?width=736&format=pjpg&auto=webp&s=5bb6208f224b8a5249284dd313f01f8f445e9e9b",3,2024-03-16 01:43:04,871.7833333333333,312
204,kv1ckpz,"You can get a kpop picket thingy of the members you like the most, because SEVENTEEN members don't have any assigned colors.",2,2024-03-15 19:33:42,502.4166666666667,124
205,lb8swuq,"i could feel the energy through the screen!!! I'm so happy the Glastonbury crowd got to enjoy the ""never-ending-AJU-NICE.""",1,2024-07-02 06:32:31,156681.23333333334,122
206,kuz5u3g,"I‚Äôve seen their fans going nuts fuming that they didn‚Äôt get a chance to buy tickets, because they didn‚Äôt know they were performing ‚Ä¶ 

Looks like the latest crazed fandom",14,2024-03-15 11:32:40,21.383333333333333,170
207,kuz5gi3,"well, even tho SEVENTEEN has performed in front of a new audience before and made the crowd go crazy, this will be their first time performing in Europe in a festival. And as the audience will be all non-carats. plus they are the first ever K-pop group to perform in Glastonbury, so the stakes are kinda high, no one knows how the local audience will react to a Korean group. 

You might've never heard of them because SEVENTEEN is mostly famous in Asia. But they have a lot of fans in Europe and America too. They were the top selling Korean group globally in 2023.",6,2024-03-15 11:29:12,17.916666666666668,566
208,kuzdf20,"Yes, their fandom is called carats. You can check out some of their performances on youtube specifically the award stage. Try Mama 2023.",1,2024-03-15 12:35:40,84.38333333333334,136
209,kv0lv05,"Because SEVENTEEN is the first K-pop act to perform at Glasto, the audience will be all new, so no one knows what the reaction is going to be. But after reading the positive replies on this post, I think the event will go smoothly.",3,2024-03-15 17:02:44,351.45,231
210,kv1cs8l,"damnnnnnnn, you got that MONEY!!! i hope you have a great time. cheer them on my behalf too ü©µü©∑",2,2024-03-15 19:34:54,503.6166666666667,94
211,kv2y33t,"They are expected to release an album soon, so I think those songs will be on the list. But Super from FML and SOS from Seventeenth Heaven are expected the most. Also, who knows, they might also perform Aju Nice, it's always on their setlist.",3,2024-03-16 01:35:00,863.7166666666667,242
212,kv47fav,"unfortunately, the latter. the festival looks fun tho, so I'll be watching the live stream.",2,2024-03-16 09:04:10,1312.8833333333334,91
213,kv80hw0,"Seventeen's discography is relatively diverse but [SUPER](https://youtu.be/-GQg25oP0S4?si=r5aGtyF-y1OYxECW) is the first song that I listened to and that's what made me a fan. Now, [this video](https://youtu.be/hF5_wvB4dl0?si=Ag4PX6U5YXrU81mh) is them performing the same song, SUPER, but live on stage at an award show. 

also, if you like slow, soft, ballads or intense raps then they got that too.

i hope you enjoy!!",2,2024-03-17 01:39:16,2307.983333333333,420
214,kvdr6na,"It would be really hard to think of just one gateway songespecially with their diverse music genre and styles, but here are my sentimental favorites.

1. Lie Again (Í±∞Ïßì ÎßêÏùÑ Ìï¥)
2. Second Life (
3. Come To Me (ÎÇòÏóêÍ≤åÎ°ú ÏôÄ)

Is there any genre or style you particular like? It might be better to base it off that.",0,2024-03-18 03:52:23,3881.1,303
215,kvhlggp,"Some Kpop groups lip sync but Seventeen always gives a live performance at their concerts. One of their main vocalists is a professional musical theater actor in Korea so you can be sure he has the skills. Their discography spans a lot of genres so I'm unsure what kind of songs they will do but I think it will be worth watching. If you watch the first few minutes of this video, it's live, you can get an idea of their vocals.

https://youtu.be/8ca0xEJH9wY?si=ol5_z_X7BPp6AAZF",5,2024-03-18 21:37:14,4945.95,478
216,kuz5p35,aaaah Mingyu xD you should check out him in [Lotto Diamond Edge Performance ](https://youtu.be/vPfkfATSwec?si=GbzPWUpqQaJvJ0Oz) if you haven't already. That's my favorite rap of his.,2,2024-03-15 11:31:24,20.116666666666667,182
217,kv05ylh,They book random stuff on the Pyramid all the time. Everything from Abba tribute bands to Herbie Hancock. It doesn't need to be a long term direction.,4,2024-03-15 15:33:34,262.28333333333336,150
218,kuzt6ve,"I don't know about the future, but yes, considering they are the first ever K-pop group to perform at Glastonbury, their performance will determine if any other K-pop acts get invited in the future or not. i think SEVENTEEN is the perfect group to test the water tho, their discography is so diverse, so I think even if they don't make new fans, people will at least have a good time. let's hope for the best!!",3,2024-03-15 14:18:37,187.33333333333334,410
219,kv29s8i,"I hope it isn‚Äôt, k-pop fans are so rabid and intense they‚Äôd flock to the festival every year for them and make getting tickets even harder than what it already is lol",3,2024-03-15 22:53:20,702.05,166
220,kv0zads,"Well to answer you no they're not like that hahaha
But to be fair: one thing is giving constructive criticism and saying ""well I just simply have a different music taste, I don't see¬†myself listening to this"" and another thing is saying racist and xenophobic remarks, because this is a thing a lot of these groups often face and that this group have already faced after the announcement of their participation in the festival, so in that type of cases of course their fans will become defensive
Gladly so far they reaction they have received is majoritively positive but those type of comments from 2-3 journalists never fail to appear or be posted",4,2024-03-15 18:17:50,426.55,648
221,kv0v9ir,"haha no, you're safe. music is subjective so there can't be any artist who is loved by all. there is nothing wrong with giving constructive criticism as long as people are being respectful. i hope you have a great time!!",3,2024-03-15 17:55:15,403.96666666666664,220
222,kv0vikk,Of course not. As long as it‚Äôs not a hate take.,1,2024-03-15 17:56:38,405.35,47
223,kuzdmp1,Be nice. She post that in case someone wants to know them.,14,2024-03-15 12:37:15,85.96666666666667,58
224,kuz85x4,Come on - it's obviously a teenager. Don't be so harsh.,14,2024-03-15 11:53:09,41.86666666666667,55
225,kuz9gcz,"oops!! I'm okay with coming off as cringe tbh, as long as it helps at least one person. plus it's a huge deal for them to be performing in Europe for the first time, the fans just want the group and the audience to have a good time.",15,2024-03-15 12:04:13,52.93333333333333,232
226,kuz9pf1,"I wish I could attend, the festival videos on YouTube looked SO GOOD!! but I'm excited for the live stream nonetheless.",1,2024-03-15 12:06:20,55.05,119
227,kuzy6t3,"haha no, they are all adults. the youngest is 25, oldest 28.",3,2024-03-15 14:48:27,217.16666666666666,60
228,kuzl3qf,I doubt that,5,2024-03-15 13:30:23,139.1,12
229,kv03fab,No. They debuted 2015 and came from a poor company. Their Vice president even sold his house for them to debut and they composed and produced their own songs. They‚Äôre one of the biggest kpop group. They even sell 16M albums last year.,6,2024-03-15 15:19:00,247.71666666666667,234
230,kv4aq3r,Few facelifts in the bunch.,2,2024-03-16 09:47:22,1356.0833333333333,27
231,kuzywgd,"hmm, I'd say no, they debuted 9 years ago, in 2015, and have been getting successful slowly and steadily. definitely not industry planted.",1,2024-03-15 14:52:35,221.3,138
232,kv16we8,Lol this is funny haha Svt company cant even give them proper promotions üòÖ so the fans are doing it instead,3,2024-03-15 19:01:16,469.98333333333335,107
233,kv11uy6,"lkhfdgkjhk I mean, there must be a social media promotion team. but I'm just a regular fan. 

source: trust me bro

no, seriously, I'm just a fan. xD",1,2024-03-15 18:32:30,441.21666666666664,149
234,kv2ewh8,Vernon,9,2024-03-15 23:26:29,735.2,6
235,leozwju,yesss exactlyyy!!,1,2024-07-24 12:50:54,188739.61666666667,17
236,kuzyr29,There's goes any chance in the resale so haha!,6,2024-03-15 14:51:44,220.45,46
238,kv0m4fv,"My Korean friend told me about the band, and then I told her they are playing Glastonbury and she's so excited that I'll see them!",2,2024-03-15 17:04:14,352.95,130
239,kv110vt,"The west holts full lineup was inadvertently leaked a few weeks back, via a Spotify playlist of all things. Its checked out so far with everything that was on the poster",1,2024-03-15 18:27:43,436.43333333333334,169
240,kuzstg4,"Thanks, I'll have a look.

It's not really my normal thing, but I like Glastonbury for being able to see things that aren't really my normal thing that I wouldn't otherwise!",3,2024-03-15 14:16:20,185.05,173
241,kv2qph5,No home; run is very Dissapointing. Any chance for Clap?,1,2024-03-16 00:44:11,812.9,56
242,kv2zkbw,"Btw, this is how they (lightsticks) look in concert. They‚Äôre connected by bluetooth and colors are coordinated by the staff/system.

https://preview.redd.it/dgetbbztploc1.jpeg?width=1414&format=pjpg&auto=webp&s=e203aa5a6dc3cc02038c30207d5ab177764246f5",3,2024-03-16 01:45:35,874.3,251
243,kv1wdwr,"As a fellow carat it‚Äôs not their first festival, they‚Äôve played festivals in Korea and in LA",2,2024-03-15 21:29:38,618.35,92
244,kuze9d1,Tho the camera works suckss but give it a watch.,2,2024-03-15 12:41:59,90.7,48
245,kv1azzk,"OK, that's a relief to hear ü§£",3,2024-03-15 19:24:39,493.3666666666667,29
246,kuz9vq2,"I dunno tbh if I had to guess and age rand I would have said 21 - 25, seems closer to the k pop demographic I've seen over here. Teenager if they were Korean sure but that's also part of what makes it cringe.",-18,2024-03-15 12:07:49,56.53333333333333,208
247,kv035st,"They've all been 17 though, so that's something.",4,2024-03-15 15:17:29,246.2,48
248,kuzlhek,They might be big with a niche teen girl crowd across the world but that‚Äôs just not the Glasto demographic.,-3,2024-03-15 13:32:55,141.63333333333333,107
249,kuzlab7,![gif](giphy|qier1J6YVh7UprRQSQ|downsized),-2,2024-03-15 13:31:36,140.31666666666666,42
250,kv2xqwp,"yup, not Harry Potter's uncle Vernon Dudley, but Hansol Vernon Chwe of SEVENTEEN.",1,2024-03-16 01:32:35,861.3,81
251,kv023hr,"haha nooooo, I hope you can snatch a ticket.",1,2024-03-15 15:11:21,240.06666666666666,44
252,kuzra49,Jesus. Were you at the first glasto?,34,2024-03-15 14:06:54,175.61666666666667,36
253,kv0695p,"No, really it is an illusion. You can‚Äôt even pin down now. If you recognise that you can sloooow right down and stop worrying about it.",1,2024-03-15 15:35:15,263.96666666666664,135
254,kv01ieb,Downvoted by young people too. They will learn. The whole point is that they don‚Äôt know that yet.,-5,2024-03-15 15:07:54,236.61666666666667,97
255,kv0mkhm,"every time I think about the amount of people that are going to see them the first time I feel so excited!!! I hope you enjoy their performance, stay safeee. And let me know if you want any music recommendations before the festival. ü©µü©∑",1,2024-03-15 17:06:46,355.48333333333335,235
256,kuzuniy,Yeah I‚Äôm thinking the same,2,2024-03-15 14:27:27,196.16666666666666,26
257,kv30lg6,Yes im 100% sure Clap will be included in the setlist.,2,2024-03-16 01:52:58,881.6833333333333,54
258,kv2xgqq,"you're right, I mistyped it, I meant first time performing in Europe plus it being a festival instead of a concert.

thank you for the correction. ü©∑",2,2024-03-16 01:30:34,859.2833333333333,148
259,kuzah1x,"They're harmless though, whatever the age. Let's just be nicer to people.",14,2024-03-15 12:12:40,61.38333333333333,73
260,kuzhyc5,Why are you bringing up Japanese people?,2,2024-03-15 13:08:50,117.55,40
261,kuzlueb,"You don't just get to decide what the ""glasto crowd"" is when there is over 200k people on the farm with all different music tastes. There was a k-pop band on west holts last year that had a decent sized crowd, and they obviously weren't as big as seventeen.",7,2024-03-15 13:35:19,144.03333333333333,257
262,kuzt5k4,Niche teen girl but that niche teen girls can buy 16M albums in 1yr. I just hope carats can snatch tickets and  cheer for seventeen there and prove you wrong.,3,2024-03-15 14:18:23,187.1,158
263,kv03a19,"I already have one haha, this will be my 6th Glastonbury in a row. Might be tough for anyone trying if a load of UK carats are jumping on the band wagon.

I don't think the fans need to be worried, they will get a good reaction from the crowd. There's always lots of different types of music on the pyramid stage.",4,2024-03-15 15:18:10,246.88333333333333,313
265,kv0t08n,"if they put on a good show then they will go down well, Glastonbury audience is very open minded, we're just there to have a good time and if they deliver they will make a lot of new fans.",5,2024-03-15 17:42:46,391.48333333333335,188
266,kuziwq6,Corrected thanks,-4,2024-03-15 13:15:34,124.28333333333333,16
267,kuzmria,"I don‚Äôt get to decide? I‚Äôm not, I‚Äôm just speaking from experience of what I‚Äôve seen over the 5 times of attending. I‚Äôm not hating on them, just can‚Äôt see K-pop drawing a massive enough crowd for the Pyramid field. I‚Äôm just basing this on the demographic of the attendees.",-6,2024-03-15 13:41:18,150.01666666666668,271
268,kuztsu8,"There is just not normally a massive teen fan girl crowd, is all I‚Äôm saying. Don‚Äôt get upset that someone has a different opinion to you about a creative Art.

![gif](giphy|Tt3KH4pNQNOeCawrCB)",-1,2024-03-15 14:22:18,191.01666666666668,192
269,kv067x9,üòÇü§£üòÇü§£ class!,1,2024-03-15 15:35:03,263.76666666666665,11
270,kuzup8q,"How is caring enough to type out a comment that they'll have a small crowd *not* hating? I'm not even a fan of the genre but K-Pop is only getting more popular by the year, and the predominantly young K-Pop fans are beginning to grow up and speak with their wallets.

What you saw 5+ Glastos or a decade ago doesn't matter, because you've never seen a K-Pop group on the Pyramid in the first place. The fact there is one now is a sign of where things are heading.

It's the same story every time with people like you. Said the same stuff about dance music, hip hop, afrobeats, etc. And every single time you end up being wrong.",2,2024-03-15 14:27:43,196.43333333333334,627
271,kuzzm19,"The guy you're arguing is right, there are very few K pop fans at Glastonbury. The glasto crowd is mostly aged 30 and above middle class british people. But since this band are on Pyramid stage and there are lots of attendees who just spend the whole day camped there they will have a decent crowd regardless. I think they'll be well received.",1,2024-03-15 14:56:45,225.46666666666667,343
272,kuzwbpf,"Erm, you couldn‚Äôt be more wrong I went last year. So I‚Äôm talking from recent experience, and always push my self in to new music. 

Example for stuff sometimes just not working on the pyramid would be Kanye & Gorrilaz. They should have worked on the Pyramid, and didn‚Äôt people left in there thousands. I gave Gorillaz 30 mins before I left to and wandered over to Silver Hayes. Some things work in the field and some don‚Äôt. 

I‚Äôm sure they could sell out the O2 on multiple nights, but my only point is the crowd at Glasto isnt predominantly teen girls. I‚Äôm not saying the crowd will be small as they are shit, I‚Äôm just saying it‚Äôs not the right demographic.",0,2024-03-15 14:37:32,206.25,658
273,kuzxxlz,"Once again, there wasn't a K-Pop group on the Pyramid stage last year so there's no point in talking about last year. Why are you acting like SEVENTEEN is headlining the whole festival? Jesus Christ give it a rest. People will enjoy it, get over it.",1,2024-03-15 14:46:58,215.68333333333334,249
274,kuzydlr,"This thread is about SEVENTEEN at Glastonbury. So I‚Äôm just saying ‚Äòmight be a small crowd for that stage & this festival‚Äô.

No need to blaspheme üòÜ",0,2024-03-15 14:49:34,218.28333333333333,146
275,kut6jle,"What the hell üò≠ As a Scottish carat I'm excited, but also feel like Glastonbury is not the type of crowd where they're gonna be recieved well by non fans",215,2024-03-14 09:13:29,58.81666666666667,153
276,kut296n,"WOW.

Is this the first kpop act at Glastonbury? What a get! And straight onto the pyramid stage too.",266,2024-03-14 08:18:36,3.933333333333333,101
277,kut5aix,"British carats in shambles (including me üòÖ)

We will be watching on the BBC!!!

(but seventeen on the BBC‚Ä¶. like what‚Ä¶.)",101,2024-03-14 08:57:41,43.016666666666666,120
278,kuttpox,"just for the fans who are worried in the comments - glastonbury is known for being diverse in its line-up and opening up a new world of music to its attendees. it's all about bringing idol groups to a new audience, which is a very good business move",46,2024-03-14 12:56:29,281.81666666666666,249
279,kut23p7,"ARE YOU FUCKING SHITTING ME

Largly because I hate these kinds of festivals and this is the first time they‚Äôre coming to the UK not that we can even buy tickets because it‚Äôs already sold out lmao",173,2024-03-14 08:16:38,1.9666666666666666,195
280,kutlck6,"Honestly I‚Äôm not a carat, I‚Äôm a casual here and there listener but I‚Äôve been impressed by their recent explosion, good for them and their fans. I‚Äôm a Brit and a former rock fan though and I feel it‚Äôs truly a bit of a trap to have them appear at Glasto on their first ever time in the UK. More than that I‚Äôd feel really gutted if a bunch of music elitists who take themselves very seriously and do a lot of psychedelic drugs got to see my faves before I did. But then again maybe it‚Äôll be better than what I think !",31,2024-03-14 11:50:30,215.83333333333334,514
281,kut2z59,"This seems like an odd move‚Ä¶ considering tickets are already sold out, so they won‚Äôt be able to count on existing Carats to be in the crowd (at least not in huge numbers, probably will be some already attending). That said, it‚Äôs kinda amazing considering it means they‚Äôre entirely going for just pulling in a new audience? And likely making connections with the other artists and festival circuit. So that‚Äôs actually pretty cool!!",161,2024-03-14 08:27:52,13.2,430
282,kutn3ki,Shania Twain sunbaenim!,28,2024-03-14 12:05:20,230.66666666666666,23
283,kut2abp,excuse me WHAT first lolla in berlin now glastonbury???,51,2024-03-14 08:19:01,4.35,55
284,kut7n54,sidetrack a bit but it's rather sad to see Avril Lavigne name appearing at Other stage consider she was one of the biggest pop-punk girl in the music industry,21,2024-03-14 09:27:05,72.41666666666667,158
285,kut3ea5,"Wow.  I'm genuinely blown away by this news.

Hope all the members stay healthy so they can kick ass when it's time for the show",58,2024-03-14 08:33:14,18.566666666666666,128
286,kutnnwc,"I feel fans are too over protective of kpop acts at music festivals. 

What if their fans aren‚Äôt there, what if the perfect production and camera angles aren‚Äôt used. 

It‚Äôs a music festival, not inkigayo. Let them win over crowds with their performance just like other musical acts that the crowd may not be aware of.",57,2024-03-14 12:10:04,235.4,317
287,kut2nzj,"THE FIRST TIME THEYRE PERFORMING IN MY COUNTRY AND I CANT GO üò≠üò≠

but im happy they‚Äôre focusing on performing in europe this year since us european carats have never got a chance to see them live ü•π",40,2024-03-14 08:23:49,9.15,196
288,kutqnbw,People said this about jay z and his first appearance and look how it turned out. It will be interesting to see for sure.,18,2024-03-14 12:33:45,259.0833333333333,121
289,kuu650e,I can‚Äôt speak on this as a good or bad choice bc I‚Äôm not European lol but to me THIS IS SO CRAZY?!???? one of the main acts of the show is absolutely incredible im so proud of them for how far they‚Äôve come!!! I hope they absolutely blow the socks off every festivalgoer ü´∂,14,2024-03-14 14:17:35,362.9166666666667,271
290,kutepta,"Can we just get a normal tour, PLEASE üò≠


Happy for anyone who can go to this, though. It's better than nothing. I can't go though because festivals (the standing in a field kind) are terrible for me ü•≤ but genuinely happy at least some UK carats will see them.¬†",28,2024-03-14 10:47:29,152.81666666666666,261
291,kuwd2ng,"seventeen are my fave fave fave fave group and I thankfully already had tickets to Glastonbury. when I saw them on the lineup this morning I broke down in tears. if anyone is worried about the crowd, then I promise I will be cheering them on with ALLLLLLL of my heart. I understand everyone upset at the news but I am so so so so so so excited by this random turn of events.",13,2024-03-14 21:34:27,799.7833333333333,374
292,kut33sg,"Super cool to see a kpop act at such a huge stage! Congrats Seventeen üëèüèª
Although this will be seen mostly by non-kpop fans because it‚Äôs probably already sold out. But still a great way to go into mainstream. Well done!",24,2024-03-14 08:29:31,14.85,219
293,kut60ve,"I was thinking why Glastonbury has never jumped on the Kpop wave. This is huge

And on the main stage !!",24,2024-03-14 09:06:57,52.28333333333333,104
294,kut800g,Ugh the year I fail to get tickets‚Ä¶,10,2024-03-14 09:31:28,76.8,35
295,kuv4jpi,"BBC Radio 4's main evening programme, \*PM\*, is currently airing coverage of K-pop because of this.",11,2024-03-14 17:30:22,555.7,100
296,kut2yk7,Everyone in the comments on their socials bagging on the lineup but is it just me who likes a bit of Coldplay lmao i must be basic af. Keane for the old pop nostalgia,30,2024-03-14 08:27:39,12.983333333333333,166
297,kut2tmj,"I know this is a kpop announcement, but I'm looking at the list of performers and Shania Twain not only being on the list but high billing is kinda blowing my mind.",34,2024-03-14 08:25:50,11.166666666666666,164
298,kut8q4y,If they're using these to substitute a Europe tour I'm not happy but as achievements I'm so proud. This festival is basically always sold out and not the most accessible but still making big moves. I guess I'll wait until 2025¬†,27,2024-03-14 09:40:14,85.56666666666666,227
299,kut6bxi,SEVENTEEN EU takeover! You love to see it! Arena Tour 2025 please,17,2024-03-14 09:10:53,56.21666666666667,65
300,kut73kf,I‚Äôm really pleased for the members but kinda bummed as a Carat since tickets sellout so far in advance for this festival that there‚Äôs no real opportunity for us to see them ü•≤,20,2024-03-14 09:20:23,65.71666666666667,174
301,kuurf91,"svt, pj harvey, sza, avril, alvvays, aurora, the breeders.. why arent i britishüòî",9,2024-03-14 16:18:57,484.28333333333336,80
302,kut7snp,"THIS IS HUGE.

Glastonbury is THE musician's festival. They were going to be one of toughest gets for a Kpop company. Makes sense for HYBE to push this one hard. Despite their MANY flaws, they really know how to get their groups in front of new audiences.

Glastonbury is one of the few remaining festivals that isn't ailing for relevance. They sell out each year and it's a huge cultural event in the UK. The BBC does a whole special around it every year. This is big big.",44,2024-03-14 09:28:59,74.31666666666666,473
303,kuu4njv,"Some of the comments in this thread are so bizarre. Yes it sucks that the tickets are sold out already but this is one of the biggest festivals in the world to perform at, why would you NOT want them to perform there? Who even cares at this point that the crowd is going to be full of non-Carats when SVT are selling millions for every album they release and sell out every venue that they play in?

Everyone who attends these kind of events go with the expectation that there‚Äôs gonna be a bunch of artists that they‚Äôve never even heard of. The whole premise of a festival is that even if you‚Äôre going for a couple artists, you get drunk and hang out with your friends and enjoy the music and it‚Äôs a vibe.¬†",24,2024-03-14 14:08:30,353.8333333333333,706
304,kut6bdd,Wtf?!?! Insanity! Imagine all the fans buying the tickets last year waking up to this news?!?,12,2024-03-14 09:10:41,56.016666666666666,93
305,kut9a1z,"When I saw the lineup announcement I assumed there was another band called Seventeen lol, did not expect that at all! I hope they get to visit Bath while they are here :)",15,2024-03-14 09:46:50,92.16666666666667,170
306,kutjry5," The energy is going to be electric! (Well, maybe still bring the wellies, just in case... üòÇ)",7,2024-03-14 11:36:35,201.91666666666666,93
307,kuu6sa7,"I was absolutely shocked to see them on the lineup, and really hope I get a chance to see them (I get one shift off during the festival)! 

I hope the crowd is super friendly for them and that it's a chance to bring in more fans, although definitely hope they come back for a Europe tour for all the existing Carats that have been saving up for a full concert!",8,2024-03-14 14:21:26,366.76666666666665,360
308,kuthkfc,"Not a Carat, but as an ATINY, I am really happy for them. Congrats. TINYRATS* enjoying two of the biggest festivals in the US & the UK ü§ù

*a funny combination of fandom names Twitter came up with after all the love between ATINYs and Carats!",11,2024-03-14 11:15:56,181.26666666666668,241
309,kut59pe,"glastonbury?? this is crazy... and they're the first kpop act to perform there too iirc. i hope it's a massive success for them! and wow this is a much better lineup (across all stages, that is) than lollapalooza berlin which imo is absolutely dire.

i don't actually know how these kinds of festivals work but i'm already imagining catching an uber depressing the national set at 8 then rushing to hear AJU NICE!!! on the pyramid stage at 9. actually now i'm very curious what kind of setlist they'll go for in front of this crowd of people who are not showing up there for kpop.",19,2024-03-14 08:57:24,42.733333333333334,580
310,kutdt0t,I hope everything turns out well. They'll be performing in front of a non fan crowd entirely since the event sold out ages ago.,19,2024-03-14 10:38:02,143.36666666666667,127
311,kut7on3,Booked and busy lesgo SVT!!!!,12,2024-03-14 09:27:36,72.93333333333334,29
312,kutslaj,this is a festival slot you can brag about,9,2024-03-14 12:48:16,273.6,42
314,kuvgzub,Does Glastonbury always announce their lineup months after tickets went on sale?,4,2024-03-14 18:38:16,623.6,80
315,kut4bfh,will it be televised?,6,2024-03-14 08:45:12,30.533333333333335,21
316,kutsss3," If there was a K-pop group best suited for a crowd like Glastonbury, it's 100% SVT. Their energy and performance quality is unrivaled and explosive. They would 100% smash this stage. 

I personally cannot wait to see all the videos from this because I am sure it would be epic. Although, I wish they would have a normal tour for just fans. Regardless, I'm so excited for them!",9,2024-03-14 12:49:47,275.1166666666667,377
317,kutkoow,Hope they're on the Sunday lol,3,2024-03-14 11:44:44,210.06666666666666,30
318,kutsahd,Wowww what a lineup. Wish I could go. Im excited to see what else Seventeen announces.,3,2024-03-14 12:46:02,271.3666666666667,86
319,kuvjn38,This lineup seems pretty awesome in general. I‚Äôm sure Seventeen and Carats will have a great time.,3,2024-03-14 18:52:35,637.9166666666666,98
320,kuvnzqj,"Straight onto the pyramid stage too? It's cool that they're the first (?) KPOP act to perform at Glastonbury, but I'm also disappointed as a Carat who had tickets to their cancelled UK/EU tour in 2020, a tour which has never been rescheduled since.. 

I feel like it would've been more exciting if they did a proper tour first for the fans who have been waiting for years, as getting Glastonbury tickets (which sold out in November 2023) isn't easy, and very pricey.",3,2024-03-14 19:16:22,661.7,466
321,kuvux0c,And we thought they had a huge year last year! Look at this! This is incredible! üî•üî•üî•üî•üî•üî•üî•üéâüéâüéâüéâüéâüéâüéâüéâüëèüèΩüëèüèΩüëèüèΩüëèüèΩüëèüèΩ,3,2024-03-14 19:54:18,699.6333333333333,106
322,kuwv25e,GLASTONBURY?? holy crap üëè bravo Seventeen,3,2024-03-14 23:21:05,906.4166666666666,41
323,kuwzk47,"A very odd move. All of the UK fans of Seventeen that would want to see them live can't go because Glastonbury is already sold out.

It just seems a bit mean to their fanbase.",3,2024-03-14 23:48:59,934.3166666666667,175
324,kuta6ix,"I‚Äôm a non-fan but I‚Äôm a Brit and this is‚Ä¶ a choice. Tickets are hecking expensive (¬£360 / almost $500) and the festival sells out months before the lineup is even announced. There will be some tickets handed back (given the negative reaction to the lineup, probably quite a few) but it‚Äôs a huge price to pay for what might be a 30-40 mins max daytime slot in a 100k capacity field where you‚Äôre highly unlikely to see or hear the performance. Talk about shortchanging European fans. 

The Glastonbury crowd is extremely mixed in age and demographic but leans toward champagne socialist / bourgeois types who I can‚Äôt really see being the target audience for K-pop lol. The BBC will probably televise it / show it on iPlayer (streaming service) so fans will be able to watch it that way, but I don‚Äôt see this as the right stage tbh. They‚Äôre a big group and that alone is a roadblock for the gp. I‚Äôm just super sceptical about why anyone in Hybe thought this was a good choice lol :‚Äô) they would be better on a smaller stage imo, especially when they have zero prior exposure in the UK.",25,2024-03-14 09:57:32,102.86666666666666,1082
325,kuwvd1a,This is HUGE I wish I‚Äôd known so I would‚Äôve tried harder to get tickets üò≠ will be ready to watch them on TV instead - I‚Äôm so happy for them!,2,2024-03-14 23:22:56,908.2666666666667,140
326,kutxru5,"As a UK carat, I am obviously over the moon about this but this is such a bad decision..

Glastonbury is known to sell out a year+ prior to when it starts. You have to fight to get tickets and apply for waiting lists to even get to the ticket sales page. Glastonbury sold out a year ago, yet they release the lineup now? When no carat is (intentionally) going to be able to attend and support them?  Why did we get no news back when tickets went on sale?

I don't think Hybe realises that UK crowds aren't entirely welcoming to music they don't like or is different.. you just have to see any Western band perform with a support to see how people actively opt to miss the support because they don't like them meaning the crowd is emptier than when the main act is on.

I am obviously happy but I'm worried about this being their first introduction to the UK and especially UK crowds as there won't be carats there (unlike the Lollapalooza crowd where carats have actively bought tickets) unless some have just gotten significantly lucky in already having tickets.",2,2024-03-14 13:24:45,310.0833333333333,1063
327,kutzp2h,Does anyone know what day they will be there or is it all of the days??,1,2024-03-14 13:37:30,322.8333333333333,71
328,kuv8432,"Dang, I was actually hoping they‚Äôd do Outsidelands instead",1,2024-03-14 17:49:51,575.1833333333333,58
329,l792751,The weekend after im going to be scoping out central london do you guys think they will come visit? After what DK did sneakily being in London while i was stuck at school im ready for anything,1,2024-06-05 18:57:41,120163.01666666666,192
330,lanwimp,"Im so looking forward to seeing the Mary Wallopers, dua lipa, Coldplay & cyndi Lauper and Squeeze (on stage now apparently). Thank feck for iPlayer",1,2024-06-28 12:17:17,152882.61666666667,147
331,kuunza3,When I could only recognize 5 of the artists and only liked 2 of them I realized I am too old for this festival.,1,2024-03-14 15:59:36,464.93333333333334,112
332,kuy0iwi,"For them to be main stage is definitely interesting, but the others are smaller. In my opinion, it should‚Äôve been Dreamcatcher. THAT is a Glastonbury group-but at least Seventeen will give a performance.",1,2024-03-15 03:59:50,1185.1666666666667,203
333,kutl0hv,"People going to Glastonbury are generally up for watching acts that are new to them - I mean the Pyramid Stage hosts everything from children‚Äôs choirs to Yoga sessions lol - and Glastonbury is known for being a friendly crowd. 

An act from my country is playing and their most popular song is literally called ‚ÄúGet your Brits Out‚Äù lmao, their entire act is centered around criticizing British imperialism. But there‚Äôs over 200,000 people attending Glastonbury so there‚Äôs an audience for everyone! 

Seventeen might not have everyone running out to start an album collection but I‚Äôm sure they‚Äôll have a polite reception at the very least. It‚Äôs a great opportunity for any artist so I wouldn‚Äôt worry.",151,2024-03-14 11:47:34,212.9,699
334,kuu73gg,"People will just go to a different stage, get a beer or socialize if they don't like an act. The audience wants a good time, chill and see a bunch of acts. 
Rock fans are also super open-minded",26,2024-03-14 14:23:15,368.5833333333333,193
335,kutexb9,"I haven't been to Glasto since I was a kid (just confirmed I'm going this year though!!!!!) but I remember it being a friendly festival. I feel like the demographic skews younger now than it used to but as it's streamed live there's always talk about who got the best viewing numbers, and Seventeen will do well there.",46,2024-03-14 10:49:39,154.98333333333332,318
336,kuvq5d7,have you ever been? it's a super open crowd musically every time I've been,7,2024-03-14 19:28:06,673.4333333333333,74
337,kut9im0,"That was my first thought too. And the crowd is gonna be mostly people who have no clue who they are. 
Lollapalooza will be fine but I don‚Äôt think Glastonbury is a good place for a largely unknown (in the UK) K-pop act.",32,2024-03-14 09:49:40,95.0,219
338,kuw6u5u,I don't know much about this festival but looking at this poster it is such a random collection of acts and genres I am sure it will be fine for them. It looks like a bit of everything is what this show does.,1,2024-03-14 20:59:35,764.9166666666666,208
339,kut3y99,"As far as I know they are indeed the first k-pop act at Glastonbury!

I was at the festival last year for the first time, been following it for years, it's truly heaven on earth. I never though they would start booking kpop acts already. To be performing on such an iconic stage is an amazing achievement for them. Too bad I didn't manage to get tickets this year...",94,2024-03-14 08:40:25,25.75,366
340,kutrlbj,Is there free streaming?,9,2024-03-14 12:40:52,266.2,24
341,kut9lrp,"Technically there's a resale coming up in a few months, but it will be an absolute bloodbath.",40,2024-03-14 09:50:40,96.0,93
342,kut3lb4,"That's why I'm surprised. Glastonbury doesn't need kpop to sell tickets, they will sell out every year way before any line-up is released. This is a big chance for Seventeen to expand on their fanbase, and break further out of the ""k-pop"" bubble. And a vote of confidence from Glastonbury.",127,2024-03-14 08:35:43,21.05,289
343,kutnelh,"I actually invite this. Instead of the hardcore kpop fans, Seventeen will just let their music speak for itself. I‚Äôve always loved going to music festivals with an open mind, knowing 20% of the acts and being enlightened by the 80% I don‚Äôt know.",53,2024-03-14 12:07:55,233.25,245
345,kutf3ln,Maybe they want some normal fans lol,28,2024-03-14 10:51:25,156.75,36
346,kut9qju,Ehh. I saw Lady Gaga on the Other Stage. It‚Äôs not a put down. It‚Äôs still got the capacity of the main stage at somewhere like Reading,31,2024-03-14 09:52:12,97.53333333333333,133
347,kut9r7h,Other stage tends to more pop-punk focused than Pyramid (and imo tends to have the far better audience) so I wouldn't say that's a bad thing!,17,2024-03-14 09:52:25,97.75,141
348,kutffu5,I am going to see her if I can (also decent chance of bumping into Vernon...),12,2024-03-14 10:54:53,160.21666666666667,77
349,kuvtani,*was* is the key word there.,2,2024-03-14 19:45:25,690.75,28
350,kut3ix3,"they're the same font size as janelle monae and CYNDI LAUPER 

what a time to be alive",47,2024-03-14 08:34:53,20.216666666666665,86
351,kuuteyz,"yeah and honestly? festivals are such a cool experience for acts, and i think especially kpop acts who might be used to very different crowds (lbr, glastonbury and lolla act differently than even a full kpop concert crowd).",17,2024-03-14 16:29:51,495.18333333333334,223
352,kuwfmbv,SAME üò≠üò≠ How mad is it the one time they come and we can't even fight for the tickets???,5,2024-03-14 21:48:45,814.0833333333334,87
353,l791oew,I love you enjoy it for us. The weekend after im going to be scoping around Central London incase they visit PRAYING THEY DO,1,2024-06-05 18:54:47,120160.11666666667,124
354,l7q9bnl,Enjoy!!! I'm so happy for you!,1,2024-06-08 22:20:17,124685.61666666667,30
355,kut6p74,"The headliners aren‚Äôt super interesting to me but there are some amazing acts downcard particularly from Ireland. Lankum, Sampha, Bombay Bicyle Club, Jungle, The Mary Wallopers, Confidence Man, Justice, Kneecap, TDCC, Michael Kiwanuka‚Ä¶",22,2024-03-14 09:15:27,60.78333333333333,235
356,kut5zy5,"nah I love coldplay, I'm seeing them this summer and I'm so excited",16,2024-03-14 09:06:37,51.95,67
357,kut34qa,I can‚Äôt wait to see Coldplay and Seventeen interactions!!,13,2024-03-14 08:29:51,15.183333333333334,57
358,kut3drj,"Each year Glastonbury have a ""Legend"" slot. Generally in the afternoon, biggest stage, people are chilling, curing their hangovers and reliving their childhood.

Previous years have been acts like Dolly Parton, Kylie Minogue, Lionel Richie, Tom Jones, Cat Stevens.

Unless they're giving Cyndi Lauper the Legends slot and Shania actually gets to close one of the evenings...",52,2024-03-14 08:33:03,18.383333333333333,374
359,kuupztk,I doubt that‚Äôs gonna happen. Honestly this seems like the perfect opportunity to make more European fans right before touring there.,10,2024-03-14 16:11:00,476.3333333333333,132
360,kut9xe6,"Considering acts take really low fees to book this festival because of the prestige, I bet SVT will still do European stops. They still have to make revenue.",19,2024-03-14 09:54:32,99.86666666666666,157
361,kutf09v,I think resale is soon but it will be a bloodbath,5,2024-03-14 10:50:30,155.83333333333334,49
362,kuta3t8,"Thankfully the National and Seventeen are most likely not going to clash - judging by how the lineup has been presented, Seventeen will be midway through the day (so probably 3pm-4pm) and the National will be headlining the other stage! 

Oh and I wish it was possible to get an Uber üò≠ No transport on site for festival attendees (outside of disability access) so it'll be a very soggy or sweaty 20 minute walk from one stage to another instead.",20,2024-03-14 09:56:38,101.96666666666667,445
363,kuu7sv3,"I agree, I really hope this trend of kpop in festivals is the start of finally embracing the European market. I hope that Glasto and BST audiences fully turn up and embrace the performances so as to really show HYBE (and others) that they have potential here and that it will be the start of proper world tours.",9,2024-03-14 14:27:21,372.68333333333334,311
364,kuuty7m,If they wanna understand the assignment they should lower ticket prices for Music Bank Antwerp. My god that's an extortion.,2,2024-03-14 16:32:49,498.15,123
365,kux5lo0,"Yes, always! It sells out immediately every year before any artist names are released.",5,2024-03-15 00:26:56,972.2666666666667,86
366,kut4yev,Yeah. BBC always cover Glastonbury,24,2024-03-14 08:53:23,38.71666666666667,34
367,kutfac9,"It will be a good thing for Carats if tickets are returned, but has there been a year when people didn't complain about the Glastonbury line-up? It feels like a traditional part of the experience at this point.",21,2024-03-14 10:53:18,158.63333333333333,210
368,kutcwbt,"It sucks for the fans.. but performing in front of millions of people who don‚Äôt know who you are, at the best festival in the world seems like a no brainer. This is a big chance to grow your fan base",34,2024-03-14 10:28:14,133.56666666666666,199
369,kutcttr,"So you bring up some interesting points but while I think this festival isn't ideal for ANY kpop group, I do think Seventeen is the best suited.

Seventeen fans aren't kids. They are mostly likely millennials or older gen-z types. Just in this sub alone there's a few people fretting about potentially having to choose between The National and Seventeen sets. Yeah, those music listeners exist. I for one love bands like The National who've I've seen several times during Boxer era and also appreciate Seventeen and kpop.

Also, Seventeen has a lot of natural musicality that is suited to this festival. That's pretty rare in kpop groups frankly. I think they booked this festival for exposure rather than to reach already converted fans. It's a risk, but isn't this the kind of thing fans always want kpop companies to do for their groups?",31,2024-03-14 10:27:29,132.81666666666666,840
370,kutc7pu,"> Tickets are hecking expensive (¬£360 / almost $500) and the festival sells out months before the lineup is even announced.

Well, when it sells out that fast than it can't be ""expensive"", i guess ...",4,2024-03-14 10:20:45,126.08333333333333,200
371,kuv5zng,"My guess is that Glastonbury saw how Blackpink at the BST festival sold out, and they reached out for a K-pop group. From Pledis' point of view, an invitation to a major festival that's already sold out is just free money; they would have been mad not to take it unless it clashed with an existing tour date.",1,2024-03-14 17:38:10,563.5,308
372,kux04jt,"Agreed. It seems very unfair to Seventeen's fanbase to have a UK date that none of them can attend!

The crowd at Glastonbury is just Middle Class Londoners who spend the weekend Larping being hippies.",1,2024-03-14 23:52:24,937.7333333333333,201
373,kuu7wwb,"It's a Glasto thing to release the lineup after tickets have been sold out. It's not like Lolla Berlin where tickets are still available for Carats to buy and turn up in full force. Plus, there's probably a resale window coming up so UK Carats might still have a chance to show up and make their voices heard and presence known.",11,2024-03-14 14:28:00,373.3333333333333,328
374,kuv6vp1,"I think your concerns are valid and correct, but from Pledis' point of view, someone is offering them a large chunk of money for a Seventeen performance. There's zero risk, unlike a normal concert or a comeback that can flop. They're entering the peak (or nadir, from Carats' point of view) of their enlistment period, so this might be the peak of their career. It's now or never. They'd be mad not to take the cash.",3,2024-03-14 17:43:05,568.4166666666666,416
375,kuuaiqd,"It will only be one day likely and I'm trying to figure it out myself based on which have already had their slot announced and the poster!

Friday is Dua Lipa, LCD Soundsystem and PJ Harvey. Saturday is Coldplay and Little Simz. Sunday is SZA, Burna boy and Janelle Mon√°e, with Shania being the Sunday afternoon legend slot. 

If anyone else can work out which day Seventeen would be that'd be amazing!",5,2024-03-14 14:43:23,388.71666666666664,402
376,kutrri7,"Yeah, totally agree. I think headliners can get a hard time, like there was controversy about Jay Z headlining years ago because Glastonbury is or was primarily a rock festival and also racism, but since then there‚Äôs been more diversity in the headliners. 

For all the other acts though, I don‚Äôt think there‚Äôs really ever any problems, it‚Äôs always super varied. The pyramid stage in the day‚Ä¶ most people are just drinking and chilling, sat on the hill, kids running about (I‚Äôm imagining it‚Äôs sunny in this scenario üôè) . I think it‚Äôll be a great experience for Seventeen! They know what they‚Äôre getting into, they‚Äôll know the crowd won‚Äôt be full of kpop fans, but it will be full of people wanting to have a good time.

Edit: Just listened to ‚ÄòGet your brits out‚Äô, lol! The fact that they sampled the BBC news intro is amazing, haha! Also, first time hearing Gaelic rap, very cool.",43,2024-03-14 12:42:10,267.5,881
377,kutjwxx,I think they only stream it on uk centric platforms tho. BBC and their streaming service where you need a vpn. I wish it was on YouTube like Coachella,17,2024-03-14 11:37:50,203.16666666666666,150
378,kutxxd1,Glasto is known to have the crowds drunk and high most of the time so I'm very worried...,-11,2024-03-14 13:25:47,311.1166666666667,89
379,kuu0v6w,ADG7 played the West Holts stage last year if you count them.,18,2024-03-14 13:45:02,330.3666666666667,61
380,kuttexr,"I‚Äôm in Canada and I watched it a day after the fact on YouTube, but now I‚Äôm wondering if they would stream it. I hope so! üòÄ",14,2024-03-14 12:54:17,279.6166666666667,123
381,kuv5ipm,"The television version will be available in the UK to anyone with a TV licence. 

The radio version is likely to be available on the BBC website worldwide. The BBC Sounds app is likely to have the live radio stream too (worldwide except India, China, Russia or Vietnam, where its partially or totally banned).",8,2024-03-14 17:35:37,560.95,309
382,kutcmn0,I was expecting a K-pop act in Glastonbury this year after BLACKPINK being a headliner in Coachella and in BST Hyde Park festivals last year.,23,2024-03-14 10:25:18,130.63333333333333,141
383,kut9drq,"They‚Äôll be fine. Honestly the only time I‚Äôve seen a glasto crowd get mean was when someone brought up the BNP lol. 

There‚Äôs so many stages you can always find something else, so people do. 

I‚Äôm so jealous you got tickets though. I haven‚Äôt had luck since 2020‚Ä¶ and that turned out unfortunately.",13,2024-03-14 09:48:06,93.43333333333334,296
384,kuvt9mf,"I wouldn't say that, pop-punk rarely features at Glasto at all, let alone having a stage focused to it lol.",1,2024-03-14 19:45:16,690.6,107
385,kutbxox,"The undercard is so good. I don't know what people are complaining about. Also, how can people be upset when SZA is headlining and every festival wants her.",15,2024-03-14 10:17:37,122.95,156
386,kut7nqv,Yeah 4/5pm ish on the Sunday afternoon. Probably the only slot I‚Äôm reliably at.,5,2024-03-14 09:27:17,72.61666666666666,79
387,kutc3yo,"LOL, locals would be shocked that Seventeen/The National fans exist. I think SVT will do great, there's bound to be more than three of us in the world.",17,2024-03-14 10:19:35,124.91666666666667,151
388,kutftrd,"ah, i meant, like ""uber depressing national set""... as in ""super"" or ""ultra"" or ""extra"" or ""mega"" or any other superlative of your choice... like get absolutely devastated at the national, then go to the main stage and get aju-niced. but if the lineup is in reverse order as you say, then it's going to be get aju-niced first, get depressed later lol",7,2024-03-14 10:58:47,164.11666666666667,350
389,kutfmbw,"Oh, I thought maybe that was a new thing, onsite Ubers...",1,2024-03-14 10:56:43,162.05,57
390,kuuquno,"With BST, the audience for SKZ's set will be predominately Stays so they'll more than embrace the performance. Seventeen's most likely performing in front of an audience that's not familiar with them, let alone any Kpop group not named BTS or Blackpink, so it'll be a challenge. There will be some Carats in the audience during Seventeen's set, but they won't make up the majority of the audience. 

Regardless, I think the boys will impress the Glasto crowd and possibly gain a few new Carats in the process.",9,2024-03-14 16:15:45,481.0833333333333,509
391,kuynuaz,"Ah that's unfortunate üòÖ I was thinking of going, but missed out on this year's ticket sale because I was waiting for a lineup lmao",3,2024-03-15 08:08:14,1433.5666666666666,130
392,kut9krj,branching out after losing all the loona members /j,15,2024-03-14 09:50:21,95.68333333333334,51
393,kuvttwm,"In fairness, this year has certainly been criticised more than once. And for good reason.",1,2024-03-14 19:48:21,693.6833333333333,89
394,kutd6a9,Kpop concerts are so much worse and that's just one artist for one night.,15,2024-03-14 10:31:14,136.56666666666666,73
395,kuw5er5,Glasto doesn‚Äôt need Kpop clout and acts don‚Äôt do it for the money. It‚Äôs not like that much money.¬†,13,2024-03-14 20:51:48,757.1333333333333,98
396,kuw4zkb,"Glasto offers way below market rates for bookings. Acts usually take a pay cut because they want to play the festival and the prestige. Seventeen as a sub is making WAY less than they would at their own shows. If the main Lolla pays their low headliners 1-2 million, Glasto pays their subs way less.¬†

They are doing this for the exposure.¬†",8,2024-03-14 20:49:31,754.85,340
397,kuuqndt,"Thanks for the response, I hope so too! Shame you can‚Äôt buy a ticket for just one day (and shame they are all sold out - the resale is gonna be hell üò≠), I hope they reveal what day it is soon!",3,2024-03-14 16:14:38,479.96666666666664,192
399,kutzw31,I'm not from the UK but does that not just describe most festivals...? Do you think the drunken masses are going to riot as soon as they hear the opening notes to Super?,40,2024-03-14 13:38:47,324.1166666666667,169
400,kuut21l,In my experience that's most festivals lol,10,2024-03-14 16:27:54,493.23333333333335,42
402,kuvtje0,"Because people *in the know* have said that she was supposed to be headlining the second stage, but has been bumped up because Madonna pulled out. 

Her crowd will be tiny, every year they have some young-appealing act (Wizkid last year) who are in big slots and their crowds are tiny.",2,2024-03-14 19:46:43,692.05,285
403,kutda71,"They absolutely would be shocked üòÇ I think they're gonna do great too, they always put on great festival sets and that's half the battle!",6,2024-03-14 10:32:25,137.75,137
404,kutrvoy,Oh no I completely misunderstood that üòÇ I think being aju-niced will be better in the sunshine!,6,2024-03-14 12:43:02,268.3666666666667,95
405,kuta4r4,"Some confusion maybe, but SVT could put together an amazing party vibes set, and I can see the crowd loving that, even if they don‚Äôt know what on earth is happening.",8,2024-03-14 09:56:57,102.28333333333333,165
406,kuvuc5d,"Maybe this is my American showing but SZA is much bigger than Wizkid and even Dua Lipa, imo.¬†",7,2024-03-14 19:51:07,696.45,93
407,kuuochh,lol just chiming in here as another the national/seventeen fan (unfortunately one who won't be at glastonbury)...we are LEGION!! üòÜ,5,2024-03-14 16:01:41,467.01666666666665,130
